Label,# Samples,Average,Median,90% Line,95% Line,99% Line,Min,Max,Error %,Throughput,Received KB/sec,Sent KB/sec,Users
HTTP Request - POST,25847381,0,0,1,1,4,0,4606,0.000%,7179.78418,953.57,1290.12,10
HTTP Request - GET,25847378,0,0,1,1,3,0,4634,0.000%,7181.08591,953.74,869.58,10
TOTAL,51694759,0,0,1,1,3,0,4634,0.000%,14359.56752,1907.13,2159.54,10
